FR,EN_S,Name,OV_EN,DataType,REP,TR,TIM_S,OV_TIM,EN,ACT,SUB
2300.0,-15.77,Radix,10202704.31,750mio,1,32.0,-21.78,86926937.5,4996.786,sort,0.55
2200.0,22.3,Radix,1601074.3976,200mio,1,32.0,-20.13,13986408.41,946.13046,sort,0.47
2700.0,4.56,Radix,32384623.31,1500mio,1,32.0,-3.36,279515226.7,9137.725,sort,0.83
2200.0,9.36,Radix,20185365.79,1000mio,1,32.0,-21.2,176764670.1,5554.343,sort,0.79
2500.0,33.61,Radix,6793301.369,500mio,1,32.0,15.2,54545464.4,1904.94341,sort,0.59
